INVOICE_ID,ORDER_ID,INVOICE_DATE,TAX_AMOUNT,GRAND_TOTAL,PDF_URL
INV-4001,ORD-2001,2026-05-03 14:04:36,25.0,2392.6,https://example.com1.pdf
INV-4002,ORD-2002,2026-05-03 13:04:36,25.0,4445.44,https://example.com2.pdf
INV-4003,ORD-2003,2026-05-03 12:04:36,25.0,2698.61,https://example.com3.pdf
INV-4004,ORD-2004,2026-05-03 11:04:36,25.0,1644.24,https://example.com4.pdf
INV-4005,ORD-2005,2026-05-03 10:04:36,25.0,2587.01,https://example.com5.pdf
INV-4006,ORD-2006,2026-05-03 09:04:36,25.0,2251.06,https://example.com6.pdf
INV-4007,ORD-2007,2026-05-03 08:04:36,25.0,2861.42,https://example.com7.pdf
INV-4008,ORD-2008,2026-05-03 07:04:36,25.0,4213.64,https://example.com8.pdf
INV-4009,ORD-2009,2026-05-03 06:04:36,25.0,4822.9,https://example.com9.pdf
INV-4010,ORD-2010,2026-05-03 05:04:36,25.0,2316.11,https://example.com10.pdf
INV-4011,ORD-2011,2026-05-03 04:04:36,25.0,1117.57,https://example.com11.pdf
INV-4012,ORD-2012,2026-05-03 03:04:36,25.0,792.13,https://example.com12.pdf
INV-4013,ORD-2013,2026-05-03 02:04:36,25.0,3715.36,https://example.com13.pdf
INV-4014,ORD-2014,2026-05-03 01:04:36,25.0,3886.82,https://example.com14.pdf
INV-4015,ORD-2015,2026-05-03 00:04:36,25.0,4341.8,https://example.com15.pdf
INV-4016,ORD-2016,2026-05-02 23:04:36,25.0,4223.97,https://example.com16.pdf
INV-4017,ORD-2017,2026-05-02 22:04:36,25.0,4881.66,https://example.com17.pdf
INV-4018,ORD-2018,2026-05-02 21:04:36,25.0,1424.06,https://example.com18.pdf
INV-4019,ORD-2019,2026-05-02 20:04:36,25.0,182.02,https://example.com19.pdf
INV-4020,ORD-2020,2026-05-02 19:04:36,25.0,2222.83,https://example.com20.pdf
INV-4021,ORD-2021,2026-05-02 18:04:36,25.0,1015.39,https://example.com21.pdf
INV-4022,ORD-2022,2026-05-02 17:04:36,25.0,291.49,https://example.com22.pdf
INV-4023,ORD-2023,2026-05-02 16:04:36,25.0,2669.36,https://example.com23.pdf
INV-4024,ORD-2024,2026-05-02 15:04:36,25.0,408.25,https://example.com24.pdf
INV-4025,ORD-2025,2026-05-02 14:04:36,25.0,3631.54,https://example.com25.pdf
INV-4026,ORD-2026,2026-05-02 13:04:36,25.0,3462.38,https://example.com26.pdf
INV-4027,ORD-2027,2026-05-02 12:04:36,25.0,1244.8,https://example.com27.pdf
INV-4028,ORD-2028,2026-05-02 11:04:36,25.0,3774.24,https://example.com28.pdf
INV-4029,ORD-2029,2026-05-02 10:04:36,25.0,5002.79,https://example.com29.pdf
INV-4030,ORD-2030,2026-05-02 09:04:36,25.0,1726.31,https://example.com30.pdf
INV-4031,ORD-2031,2026-05-02 08:04:36,25.0,2384.94,https://example.com31.pdf
INV-4032,ORD-2032,2026-05-02 07:04:36,25.0,4807.74,https://example.com32.pdf
INV-4033,ORD-2033,2026-05-02 06:04:36,25.0,4109.36,https://example.com33.pdf
INV-4034,ORD-2034,2026-05-02 05:04:36,25.0,697.13,https://example.com34.pdf
INV-4035,ORD-2035,2026-05-02 04:04:36,25.0,656.78,https://example.com35.pdf
INV-4036,ORD-2036,2026-05-02 03:04:36,25.0,3421.49,https://example.com36.pdf
INV-4037,ORD-2037,2026-05-02 02:04:36,25.0,2063.49,https://example.com37.pdf
INV-4038,ORD-2038,2026-05-02 01:04:36,25.0,4234.9,https://example.com38.pdf
INV-4039,ORD-2039,2026-05-02 00:04:36,25.0,4238.27,https://example.com39.pdf
INV-4040,ORD-2040,2026-05-01 23:04:36,25.0,1948.52,https://example.com40.pdf
INV-4041,ORD-2041,2026-05-01 22:04:36,25.0,861.84,https://example.com41.pdf
INV-4042,ORD-2042,2026-05-01 21:04:36,25.0,3149.8,https://example.com42.pdf
INV-4043,ORD-2043,2026-05-01 20:04:36,25.0,3018.21,https://example.com43.pdf
INV-4044,ORD-2044,2026-05-01 19:04:36,25.0,2534.61,https://example.com44.pdf
INV-4045,ORD-2045,2026-05-01 18:04:36,25.0,3502.81,https://example.com45.pdf
INV-4046,ORD-2046,2026-05-01 17:04:36,25.0,2682.44,https://example.com46.pdf
INV-4047,ORD-2047,2026-05-01 16:04:36,25.0,3212.06,https://example.com47.pdf
INV-4048,ORD-2048,2026-05-01 15:04:36,25.0,4875.49,https://example.com48.pdf
INV-4049,ORD-2049,2026-05-01 14:04:36,25.0,623.63,https://example.com49.pdf
INV-4050,ORD-2050,2026-05-01 13:04:36,25.0,2575.78,https://example.com50.pdf
INV-4051,ORD-2051,2026-05-01 12:04:36,25.0,1948.87,https://example.com51.pdf
INV-4052,ORD-2052,2026-05-01 11:04:36,25.0,3956.13,https://example.com52.pdf
INV-4053,ORD-2053,2026-05-01 10:04:36,25.0,3778.08,https://example.com53.pdf
INV-4054,ORD-2054,2026-05-01 09:04:36,25.0,2013.19,https://example.com54.pdf
INV-4055,ORD-2055,2026-05-01 08:04:36,25.0,3990.14,https://example.com55.pdf
INV-4056,ORD-2056,2026-05-01 07:04:36,25.0,1497.93,https://example.com56.pdf
INV-4057,ORD-2057,2026-05-01 06:04:36,25.0,1120.21,https://example.com57.pdf
INV-4058,ORD-2058,2026-05-01 05:04:36,25.0,3879.92,https://example.com58.pdf
INV-4059,ORD-2059,2026-05-01 04:04:36,25.0,612.03,https://example.com59.pdf
INV-4060,ORD-2060,2026-05-01 03:04:36,25.0,2670.81,https://example.com60.pdf
INV-4061,ORD-2061,2026-05-01 02:04:36,25.0,455.32,https://example.com61.pdf
INV-4062,ORD-2062,2026-05-01 01:04:36,25.0,4881.5,https://example.com62.pdf
INV-4063,ORD-2063,2026-05-01 00:04:36,25.0,4332.16,https://example.com63.pdf
INV-4064,ORD-2064,2026-04-30 23:04:36,25.0,1743.64,https://example.com64.pdf
INV-4065,ORD-2065,2026-04-30 22:04:36,25.0,2572.96,https://example.com65.pdf
INV-4066,ORD-2066,2026-04-30 21:04:36,25.0,2964.18,https://example.com66.pdf
INV-4067,ORD-2067,2026-04-30 20:04:36,25.0,3268.61,https://example.com67.pdf
INV-4068,ORD-2068,2026-04-30 19:04:36,25.0,4550.33,https://example.com68.pdf
INV-4069,ORD-2069,2026-04-30 18:04:36,25.0,3184.08,https://example.com69.pdf
INV-4070,ORD-2070,2026-04-30 17:04:36,25.0,989.44,https://example.com70.pdf
INV-4071,ORD-2071,2026-04-30 16:04:36,25.0,2577.25,https://example.com71.pdf
INV-4072,ORD-2072,2026-04-30 15:04:36,25.0,3454.64,https://example.com72.pdf
INV-4073,ORD-2073,2026-04-30 14:04:36,25.0,235.11,https://example.com73.pdf
INV-4074,ORD-2074,2026-04-30 13:04:36,25.0,2554.41,https://example.com74.pdf
INV-4075,ORD-2075,2026-04-30 12:04:36,25.0,4110.69,https://example.com75.pdf
INV-4076,ORD-2076,2026-04-30 11:04:36,25.0,2207.85,https://example.com76.pdf
INV-4077,ORD-2077,2026-04-30 10:04:36,25.0,2430.66,https://example.com77.pdf
INV-4078,ORD-2078,2026-04-30 09:04:36,25.0,4165.63,https://example.com78.pdf
INV-4079,ORD-2079,2026-04-30 08:04:36,25.0,156.42,https://example.com79.pdf
INV-4080,ORD-2080,2026-04-30 07:04:36,25.0,1923.33,https://example.com80.pdf
INV-4081,ORD-2081,2026-04-30 06:04:36,25.0,1469.08,https://example.com81.pdf
INV-4082,ORD-2082,2026-04-30 05:04:36,25.0,2377.12,https://example.com82.pdf
INV-4083,ORD-2083,2026-04-30 04:04:36,25.0,789.98,https://example.com83.pdf
INV-4084,ORD-2084,2026-04-30 03:04:36,25.0,3207.01,https://example.com84.pdf
INV-4085,ORD-2085,2026-04-30 02:04:36,25.0,4485.4,https://example.com85.pdf
INV-4086,ORD-2086,2026-04-30 01:04:36,25.0,879.13,https://example.com86.pdf
INV-4087,ORD-2087,2026-04-30 00:04:36,25.0,2927.09,https://example.com87.pdf
INV-4088,ORD-2088,2026-04-29 23:04:36,25.0,2994.37,https://example.com88.pdf
INV-4089,ORD-2089,2026-04-29 22:04:36,25.0,1350.67,https://example.com89.pdf
INV-4090,ORD-2090,2026-04-29 21:04:36,25.0,3433.79,https://example.com90.pdf
INV-4091,ORD-2091,2026-04-29 20:04:36,25.0,3538.65,https://example.com91.pdf
INV-4092,ORD-2092,2026-04-29 19:04:36,25.0,869.95,https://example.com92.pdf
INV-4093,ORD-2093,2026-04-29 18:04:36,25.0,4280.34,https://example.com93.pdf
INV-4094,ORD-2094,2026-04-29 17:04:36,25.0,3631.78,https://example.com94.pdf
INV-4095,ORD-2095,2026-04-29 16:04:36,25.0,2518.86,https://example.com95.pdf
INV-4096,ORD-2096,2026-04-29 15:04:36,25.0,4531.11,https://example.com96.pdf
INV-4097,ORD-2097,2026-04-29 14:04:36,25.0,4298.41,https://example.com97.pdf
INV-4098,ORD-2098,2026-04-29 13:04:36,25.0,3263.46,https://example.com98.pdf
INV-4099,ORD-2099,2026-04-29 12:04:36,25.0,3932.58,https://example.com99.pdf
INV-4100,ORD-2100,2026-04-29 11:04:36,25.0,958.96,https://example.com100.pdf
